<mesh>
    <sharedgeometry vertexcount="24">
        <vertexbuffer positions="true" normals="true" colours_diffuse="true" texture_coord_dimensions_0="2" texture_coord_dimensions_1="2" texture_coords="2">
            <vertex>
                <position x="-9.45422" y="0.0339395" z="-18.0083" />
                <normal x="0" y="1" z="-0" />
                <colour_diffuse value="0 0 0 0" />
                <texcoord u="0" v="0" />
                <texcoord u="0.518139" v="0.311624" />
            </vertex>
            <vertex>
                <position x="-3.11036" y="0.0339395" z="-10.9457" />
                <normal x="0" y="1" z="-0" />
                <colour_diffuse value="0 0 0 0" />
                <texcoord u="0.333333" v="0.2" />
                <texcoord u="0.419705" v="0.212758" />
            </vertex>
            <vertex>
                <position x="-9.45422" y="0.0339395" z="-10.9457" />
                <normal x="0" y="1" z="-0" />
                <colour_diffuse value="0 0 0 0" />
                <texcoord u="0" v="0.2" />
                <texcoord u="0.419705" v="0.311624" />
            </vertex>
            <vertex>
                <position x="-3.11036" y="0.0339395" z="-18.0083" />
                <normal x="0" y="1" z="-0" />
                <colour_diffuse value="0 0 0 0" />
                <texcoord u="0.333333" v="0" />
                <texcoord u="0.518139" v="0.212758" />
            </vertex>
            <vertex>
                <position x="3.02297" y="0.0339395" z="-18.0083" />
                <normal x="0" y="1" z="-0" />
                <colour_diffuse value="0 0 0 0" />
                <texcoord u="0.666667" v="0" />
                <texcoord u="0.518139" v="0.117173" />
            </vertex>
            <vertex>
                <position x="3.02297" y="0.0339395" z="-10.9457" />
                <normal x="0" y="1" z="-0" />
                <colour_diffuse value="0 0 0 0" />
                <texcoord u="0.666667" v="0.2" />
                <texcoord u="0.419705" v="0.117173" />
            </vertex>
            <vertex>
                <position x="9.41717" y="0.0339395" z="-10.9457" />
                <normal x="0" y="1" z="-0" />
                <colour_diffuse value="0 0 0 0" />
                <texcoord u="1" v="0.2" />
                <texcoord u="0.419705" v="0.0175222" />
            </vertex>
            <vertex>
                <position x="9.41717" y="0.0339395" z="-18.0083" />
                <normal x="0" y="1" z="-0" />
                <colour_diffuse value="0 0 0 0" />
                <texcoord u="1" v="0" />
                <texcoord u="0.518139" v="0.0175222" />
            </vertex>
            <vertex>
                <position x="-9.45422" y="0.0339395" z="-3.66566" />
                <normal x="0" y="1" z="-0" />
                <colour_diffuse value="0 0 0 0" />
                <texcoord u="0" v="0.4" />
                <texcoord u="0.318242" v="0.311624" />
            </vertex>
            <vertex>
                <position x="-3.11036" y="0.0339395" z="-3.66566" />
                <normal x="0" y="1" z="-0" />
                <colour_diffuse value="0 0 0 0" />
                <texcoord u="0.333333" v="0.4" />
                <texcoord u="0.318242" v="0.212758" />
            </vertex>
            <vertex>
                <position x="3.02297" y="0.0339395" z="-3.66566" />
                <normal x="0" y="1" z="-0" />
                <colour_diffuse value="0 0 0 0" />
                <texcoord u="0.666667" v="0.4" />
                <texcoord u="0.318242" v="0.117173" />
            </vertex>
            <vertex>
                <position x="9.41717" y="0.0339395" z="-3.66566" />
                <normal x="0" y="1" z="-0" />
                <colour_diffuse value="0 0 0 0" />
                <texcoord u="1" v="0.4" />
                <texcoord u="0.318242" v="0.0175222" />
            </vertex>
            <vertex>
                <position x="-3.11036" y="0.0339395" z="3.61434" />
                <normal x="0" y="1" z="-0" />
                <colour_diffuse value="0 0 0 0" />
                <texcoord u="0.333333" v="0.6" />
                <texcoord u="0.216779" v="0.212758" />
            </vertex>
            <vertex>
                <position x="-9.45422" y="0.0339395" z="3.61434" />
                <normal x="0" y="1" z="-0" />
                <colour_diffuse value="0 0 0 0" />
                <texcoord u="0" v="0.6" />
                <texcoord u="0.216779" v="0.311624" />
            </vertex>
            <vertex>
                <position x="3.02297" y="0.0339395" z="3.61434" />
                <normal x="0" y="1" z="-0" />
                <colour_diffuse value="0 0 0 0" />
                <texcoord u="0.666667" v="0.6" />
                <texcoord u="0.216779" v="0.117173" />
            </vertex>
            <vertex>
                <position x="9.41717" y="0.0339395" z="3.61434" />
                <normal x="0" y="1" z="-0" />
                <colour_diffuse value="0 0 0 0" />
                <texcoord u="1" v="0.6" />
                <texcoord u="0.216779" v="0.0175222" />
            </vertex>
            <vertex>
                <position x="-9.45422" y="0.0339395" z="10.8943" />
                <normal x="0" y="1" z="-0" />
                <colour_diffuse value="0 0 0 0" />
                <texcoord u="0" v="0.8" />
                <texcoord u="0.115315" v="0.311624" />
            </vertex>
            <vertex>
                <position x="-3.11036" y="0.0339395" z="10.8943" />
                <normal x="0" y="1" z="-0" />
                <colour_diffuse value="0 0 0 0" />
                <texcoord u="0.333333" v="0.8" />
                <texcoord u="0.115315" v="0.212758" />
            </vertex>
            <vertex>
                <position x="3.02297" y="0.0339395" z="10.8943" />
                <normal x="0" y="1" z="-0" />
                <colour_diffuse value="0 0 0 0" />
                <texcoord u="0.666667" v="0.8" />
                <texcoord u="0.115315" v="0.117173" />
            </vertex>
            <vertex>
                <position x="9.41717" y="0.0339395" z="10.8943" />
                <normal x="0" y="1" z="-0" />
                <colour_diffuse value="0 0 0 0" />
                <texcoord u="1" v="0.8" />
                <texcoord u="0.115315" v="0.0175222" />
            </vertex>
            <vertex>
                <position x="-3.11036" y="0.0339395" z="18.0439" />
                <normal x="0" y="1" z="-0" />
                <colour_diffuse value="0 0 0 0" />
                <texcoord u="0.333333" v="1" />
                <texcoord u="0.01567" v="0.212758" />
            </vertex>
            <vertex>
                <position x="-9.45422" y="0.0339395" z="18.0439" />
                <normal x="0" y="1" z="-0" />
                <colour_diffuse value="0 0 0 0" />
                <texcoord u="0" v="1" />
                <texcoord u="0.01567" v="0.311624" />
            </vertex>
            <vertex>
                <position x="3.02297" y="0.0339395" z="18.0439" />
                <normal x="0" y="1" z="-0" />
                <colour_diffuse value="0 0 0 0" />
                <texcoord u="0.666667" v="1" />
                <texcoord u="0.01567" v="0.117173" />
            </vertex>
            <vertex>
                <position x="9.41717" y="0.0339395" z="18.0439" />
                <normal x="0" y="1" z="-0" />
                <colour_diffuse value="0 0 0 0" />
                <texcoord u="1" v="1" />
                <texcoord u="0.0156701" v="0.0175221" />
            </vertex>
        </vertexbuffer>
    </sharedgeometry>
</mesh>
